{
  "_fv": 34,
  "_type": "tool",
  "definition": {
    "renderType": 0,
    "texture": "proofsword",
    "customModelName": "Normal",
    "name": "Proof Sword",
    "specialInfo": [
      "To show Jalanii",
      "It is also a penis"
    ],
    "creativeTab": {
      "value": "COMBAT"
    },
    "toolType": "Sword",
    "harvestLevel": 5,
    "efficiency": 10.0,
    "attackSpeed": 2.0,
    "enchantability": 18,
    "damageVsEntity": 8.0,
    "usageCount": 5000,
    "blocksAffected": [],
    "hasGlow": false,
    "repairItems": [],
    "immuneToFire": false,
    "stayInGridWhenCrafting": false,
    "damageOnCrafting": false
  }
}