{
  "_fv": 34,
  "_type": "gui",
  "definition": {
    "type": 0,
    "width": 176,
    "height": 167,
    "inventoryOffsetX": 0,
    "inventoryOffsetY": 0,
    "renderBgLayer": true,
    "doesPauseGame": false,
    "components": [
      {
        "type": "button",
        "data": {
          "text": ">",
          "onClick": {
            "name": "OpenOrcGui"
          },
          "width": 30,
          "height": 20,
          "name": ">",
          "x": 311,
          "y": 114
        }
      },
      {
        "type": "image",
        "data": {
          "image": "guibordertest.png",
          "use1Xscale": false,
          "name": "guibordertest.png",
          "x": 127,
          "y": 38
        }
      },
      {
        "type": "image",
        "data": {
          "image": "fotor_2023-4-7_14_42_59.png",
          "use1Xscale": false,
          "name": "fotor_2023-4-7_14_42_59.png",
          "x": 249,
          "y": 53
        }
      },
      {
        "type": "button",
        "data": {
          "text": "Select",
          "onClick": {
            "name": "HumanSelectRace"
          },
          "width": 56,
          "height": 20,
          "name": "Select",
          "x": 186,
          "y": 206
        }
      },
      {
        "type": "label",
        "data": {
          "text": "Human",
          "color": {
            "value": -1,
            "falpha": 0.0
          },
          "name": "Human",
          "x": 195,
          "y": 62
        }
      },
      {
        "type": "label",
        "data": {
          "text": "Stats",
          "color": {
            "value": -16717607,
            "falpha": 0.0
          },
          "name": "Stats",
          "x": 141,
          "y": 71
        }
      },
      {
        "type": "label",
        "data": {
          "text": "- 20 HP",
          "color": {
            "value": -1,
            "falpha": 0.0
          },
          "name": "- 20 HP",
          "x": 141,
          "y": 80
        }
      },
      {
        "type": "label",
        "data": {
          "text": "- 1 Attack Damage",
          "color": {
            "value": -1,
            "falpha": 0.0
          },
          "name": "- 1 Attack Damage",
          "x": 141,
          "y": 89
        }
      },
      {
        "type": "label",
        "data": {
          "text": "- 4 Attack Speed",
          "color": {
            "value": -1,
            "falpha": 0.0
          },
          "name": "- 4 Attack Speed",
          "x": 141,
          "y": 98
        }
      },
      {
        "type": "label",
        "data": {
          "text": "- 0.1 Movement Speed",
          "color": {
            "value": -1,
            "falpha": 0.0
          },
          "name": "- 0.1 Movement Speed",
          "x": 141,
          "y": 107
        }
      },
      {
        "type": "label",
        "data": {
          "text": "- 0 Knockback Resistance",
          "color": {
            "value": -1,
            "falpha": 0.0
          },
          "name": "- 0 Knockback Resistance",
          "x": 141,
          "y": 116
        }
      },
      {
        "type": "label",
        "data": {
          "text": "- 0 Armor Point",
          "color": {
            "value": -1,
            "falpha": 0.0
          },
          "name": "- 0 Armor Point",
          "x": 141,
          "y": 125
        }
      },
      {
        "type": "label",
        "data": {
          "text": "Magicule",
          "color": {
            "value": -16717607,
            "falpha": 0.0
          },
          "name": "Magicule",
          "x": 141,
          "y": 134
        }
      },
      {
        "type": "label",
        "data": {
          "text": "Random: 2,000 to 200,000",
          "color": {
            "value": -1,
            "falpha": 0.0
          },
          "name": "Random: 2,000 to 200,000",
          "x": 141,
          "y": 143
        }
      },
      {
        "type": "label",
        "data": {
          "text": "Spirit",
          "color": {
            "value": -16717607,
            "falpha": 0.0
          },
          "name": "Spirit",
          "x": 141,
          "y": 152
        }
      },
      {
        "type": "label",
        "data": {
          "text": "Higher chance to get chosen",
          "color": {
            "value": -1,
            "falpha": 0.0
          },
          "name": "Higher chance to get chosen",
          "x": 141,
          "y": 161
        }
      },
      {
        "type": "label",
        "data": {
          "text": "by Spirits",
          "color": {
            "value": -1,
            "falpha": 0.0
          },
          "name": "by Spirits",
          "x": 141,
          "y": 170
        }
      }
    ],
    "gridSettings": {
      "sx": 18,
      "sy": 18,
      "ox": 11,
      "oy": 15,
      "snapOnGrid": true
    }
  }
}