{
  "_fv": 34,
  "_type": "overlay",
  "definition": {
    "priority": "NORMAL",
    "components": [
      {
        "type": "label",
        "data": {
          "text": "-",
          "color": {
            "value": -1,
            "falpha": 0.0
          },
          "name": "-",
          "x": 179,
          "y": 184
        }
      },
      {
        "type": "label",
        "data": {
          "text": "-",
          "color": {
            "value": -1,
            "falpha": 0.0
          },
          "name": "-",
          "x": 242,
          "y": 184
        }
      },
      {
        "type": "label",
        "data": {
          "text": "<VAR:Skill1>",
          "color": {
            "value": -52429,
            "falpha": 0.0
          },
          "name": "<VAR:Skill1>",
          "x": 188,
          "y": 184
        }
      },
      {
        "type": "label",
        "data": {
          "text": "<VAR:Skill2>",
          "color": {
            "value": -1,
            "falpha": 0.0
          },
          "name": "<VAR:Skill2>",
          "x": 134,
          "y": 184
        }
      },
      {
        "type": "label",
        "data": {
          "text": "<VAR:Skill3>",
          "color": {
            "value": -1,
            "falpha": 0.0
          },
          "name": "<VAR:Skill3>",
          "x": 251,
          "y": 184
        }
      }
    ],
    "baseTexture": "",
    "overlayTarget": "Ingame",
    "gridSettings": {
      "sx": 18,
      "sy": 18,
      "ox": 14,
      "oy": 24,
      "snapOnGrid": true
    }
  }
}