{
  "_fv": 34,
  "_type": "gui",
  "definition": {
    "type": 0,
    "width": 369,
    "height": 198,
    "inventoryOffsetX": 0,
    "inventoryOffsetY": 0,
    "renderBgLayer": true,
    "doesPauseGame": false,
    "components": [
      {
        "type": "label",
        "data": {
          "text": "Unique Skills",
          "color": {
            "value": -12829636,
            "falpha": 0.0
          },
          "name": "Unique Skills",
          "x": 33,
          "y": 26
        }
      },
      {
        "type": "button",
        "data": {
          "text": "Analyst",
          "width": 61,
          "height": 20,
          "name": "Analyst",
          "x": 42,
          "y": 44
        }
      },
      {
        "type": "button",
        "data": {
          "text": "Beserker",
          "width": 67,
          "height": 20,
          "name": "Beserker",
          "x": 123,
          "y": 44
        }
      },
      {
        "type": "button",
        "data": {
          "text": "Degenerate",
          "width": 77,
          "height": 20,
          "name": "Degenerate",
          "x": 213,
          "y": 44
        }
      },
      {
        "type": "button",
        "data": {
          "text": "Dilettante",
          "width": 77,
          "height": 20,
          "name": "Dilettante",
          "x": 312,
          "y": 44
        }
      },
      {
        "type": "button",
        "data": {
          "text": "Envy",
          "width": 46,
          "height": 20,
          "name": "Envy",
          "x": 42,
          "y": 80
        }
      },
      {
        "type": "button",
        "data": {
          "text": "Generalissimo",
          "width": 93,
          "height": 20,
          "name": "Generalissimo",
          "x": 114,
          "y": 80
        }
      },
      {
        "type": "button",
        "data": {
          "text": "Gluttony",
          "width": 67,
          "height": 20,
          "name": "Gluttony",
          "x": 231,
          "y": 80
        }
      },
      {
        "type": "button",
        "data": {
          "text": "Gourmet",
          "width": 61,
          "height": 20,
          "name": "Gourmet",
          "x": 321,
          "y": 80
        }
      },
      {
        "type": "button",
        "data": {
          "text": "Godly Craftsman",
          "width": 103,
          "height": 20,
          "name": "Godly Craftsman",
          "x": 42,
          "y": 116
        }
      },
      {
        "type": "button",
        "data": {
          "text": "Great Sage",
          "width": 77,
          "height": 20,
          "name": "Great Sage",
          "x": 168,
          "y": 116
        }
      },
      {
        "type": "button",
        "data": {
          "text": "Great Wiseman",
          "width": 93,
          "height": 20,
          "name": "Great Wiseman",
          "x": 267,
          "y": 116
        }
      },
      {
        "type": "button",
        "data": {
          "text": "Greed",
          "width": 51,
          "height": 20,
          "name": "Greed",
          "x": 42,
          "y": 152
        }
      },
      {
        "type": "button",
        "data": {
          "text": "Healer",
          "width": 56,
          "height": 20,
          "name": "Healer",
          "x": 114,
          "y": 152
        }
      },
      {
        "type": "button",
        "data": {
          "text": "Investigator",
          "width": 88,
          "height": 20,
          "name": "Investigator",
          "x": 195,
          "y": 152
        }
      },
      {
        "type": "button",
        "data": {
          "text": "Lion's Heart",
          "width": 87,
          "height": 20,
          "name": "Lion's Heart",
          "x": 303,
          "y": 152
        }
      },
      {
        "type": "button",
        "data": {
          "text": "Next Page",
          "onClick": {
            "name": "OpenUSkill2"
          },
          "width": 72,
          "height": 20,
          "name": "Next Page",
          "x": 312,
          "y": 188
        }
      },
      {
        "type": "button",
        "data": {
          "text": "1",
          "onClick": {
            "name": "SelectSkill1"
          },
          "width": 30,
          "height": 20,
          "name": "1",
          "x": 150,
          "y": 188
        }
      },
      {
        "type": "button",
        "data": {
          "text": "2",
          "onClick": {
            "name": "SelectSkill2"
          },
          "width": 30,
          "height": 20,
          "name": "2",
          "x": 204,
          "y": 188
        }
      },
      {
        "type": "button",
        "data": {
          "text": "3",
          "onClick": {
            "name": "SelectSkill3"
          },
          "width": 30,
          "height": 20,
          "name": "3",
          "x": 258,
          "y": 188
        }
      },
      {
        "type": "button",
        "data": {
          "text": "Clear Skills",
          "width": 87,
          "height": 20,
          "name": "Clear Skills",
          "x": 339,
          "y": -1
        }
      }
    ],
    "gridSettings": {
      "sx": 18,
      "sy": 18,
      "ox": 11,
      "oy": 15,
      "snapOnGrid": true
    }
  }
}